username,email,area,gender,password
dviccars0,sbleiman0@comsenz.com,North,M,lhslhd2
hbroadbury1,msteutly1@sohu.com,North,M,jkff0Y3q
astather2,gbridie2@princeton.edu,North,F,1pXoPkU
sdobinson3,kduffil3@bigcartel.com,North,F,rqajJlGOrSHt
mgreenhow4,kdwerryhouse4@uiuc.edu,North,M,P1cEHF0Z9DW
bcraufurd5,gcrawley5@google.cn,North,M,GlURfOq
caisman6,eollcott6@nature.com,North,M,YAJ9cSSJty
bsibbert7,ekirvin7@ow.ly,North,M,s0RiwxN
rpinkerton8,rskain8@unblog.fr,North,M,fjWZ78si
mcregin9,fiiannone9@weather.com,North,M,3ed0Lz1
jhugnina,tianillia@google.com.au,North,F,RuwPmJd
dradbondb,smcnameeb@moonfruit.com,South,F,8PTOza
nquiddihyc,apranglec@youku.com,South,F,i3X5Hp
hboysd,jcarreckd@geocities.jp,South,M,SdvkXR
rlongmuire,wbusche@creativecommons.org,South,F,nvsCnjWKQi3
nkilloughf,dsextonef@pbs.org,West,M,39yJHXkX3s
ckitleeg,lkaysg@sfgate.com,West,M,lDw9e5L
asconesh,bthomtsonh@deliciousdays.com,West,F,i5FiC56
sgiacomozzoi,tbahlsi@virginia.edu,West,M,mEUKCWJnr
imichelottij,rzouchj@bandcamp.com,West,F,v9KEljIyg
sbaylyk,vhiomk@amazon.co.uk,West,F,vlbc43rW86v
vstonehewerl,ahawkswoodl@answers.com,West,M,lNSpa4x
bmcgrottym,breekiem@github.io,West,M,KwOup1WQYGh7
gkingmann,mgibsonn@bluehost.com,West,M,71gpaf
fsoallo,rerrichellio@ted.com,West,F,SQROIi0Fb4
dblaymiresp,sepinoyp@huffingtonpost.com,East,F,d3BqTzoF2W
lsteelsq,lrosenbergerq@usa.gov,East,M,fcjsynoTsm
nparkhouser,ablazdellr@digg.com,East,M,Cmk45jnAwGkX
deams,mkillocks@woothemes.com,East,F,rYFsqUGhaMU
jtrenchert,slenevet@reverbnation.com,East,F,8LqSoTPR8
